First Name,Last Name,Gender,Email,Phone,Education,Occupation,Experience (Years),Salary,Marital Status,Number of Children
Myra,Crawford,Female,m.crawford@randatmail.com,999-6887-32,Primary,Fine Artist,7,156038,Single,4
Michelle,Jones,Female,m.jones@randatmail.com,160-7147-44,Bachelor,Chef,16,83954,Single,4
Isabella,Hunt,Female,i.hunt@randatmail.com,669-6910-90,Upper secondary,Architect,23,37667,Married,4
Elise,Edwards,Female,e.edwards@randatmail.com,717-8655-73,Master,Chemist,28,98336,Single,2
Ned,Craig,Male,n.craig@randatmail.com,138-4132-80,Master,Florist,13,167842,Single,2
April,Gibson,Female,a.gibson@randatmail.com,622-1589-58,Master,Composer,15,79038,Single,5
Vanessa,Hall,Female,v.hall@randatmail.com,857-5391-63,Lower secondary,Interpreter,20,151863,Single,3
Arianna,Reed,Female,a.reed@randatmail.com,227-4514-33,Doctoral,Hairdresser,26,154768,Married,1
Tara,Stevens,Female,t.stevens@randatmail.com,835-5315-52,Master,Mechanic,24,125186,Married,0
Lyndon,Hawkins,Male,l.hawkins@randatmail.com,740-0875-26,Doctoral,Mathematician,27,110265,Married,4
Dainton,Riley,Male,d.riley@randatmail.com,206-3400-93,Upper secondary,Interpreter,15,165730,Single,2
George,Allen,Male,g.allen@randatmail.com,550-1817-68,Doctoral,Botanist,14,46118,Married,3
Olivia,Foster,Female,o.foster@randatmail.com,161-3316-70,Primary,Graphic Designer,0,198746,Single,0
Ada,Montgomery,Female,a.montgomery@randatmail.com,870-1363-79,Upper secondary,Cook,7,64064,Single,0
Evelyn,Hill,Female,e.hill@randatmail.com,012-8922-19,Upper secondary,Police Officer,1,135644,Single,5
Wilson,Gibson,Male,w.gibson@randatmail.com,047-7508-30,Upper secondary,Economist,3,95193,Single,3
Evelyn,Reed,Female,e.reed@randatmail.com,530-5803-59,Primary,Journalist,15,102769,Married,2
Paige,Barrett,Female,p.barrett@randatmail.com,737-9028-49,Lower secondary,Botanist,17,117506,Married,1
Albert,Hill,Male,a.hill@randatmail.com,386-7203-94,Lower secondary,Producer,14,122513,Married,3
Daniel,Adams,Male,d.adams@randatmail.com,237-2886-17,Upper secondary,Actor,28,119031,Married,0
Walter,Campbell,Male,w.campbell@randatmail.com,639-6738-37,Primary,Biochemist,8,46781,Married,4
Deanna,Farrell,Female,d.farrell@randatmail.com,121-2946-61,Doctoral,Agronomist,5,103430,Single,2
Justin,Harper,Male,j.harper@randatmail.com,615-0630-48,Lower secondary,Meteorologist,13,185060,Married,4
Alen,Spencer,Male,a.spencer@randatmail.com,410-5839-35,Master,Baker,29,109193,Married,4
James,Adams,Male,j.adams@randatmail.com,619-7713-97,Primary,Agronomist,4,147547,Married,3
Michelle,Lloyd,Female,m.lloyd@randatmail.com,274-8207-61,Upper secondary,Police Officer,19,40083,Married,3
Mary,Stewart,Female,m.stewart@randatmail.com,956-1559-02,Doctoral,Fine Artist,14,66425,Married,1
Chloe,Spencer,Female,c.spencer@randatmail.com,960-1172-95,Bachelor,Medic,14,167132,Married,3
Sabrina,Phillips,Female,s.phillips@randatmail.com,560-8284-42,Doctoral,Producer,9,183339,Married,1
Cherry,Bennett,Female,c.bennett@randatmail.com,320-9659-48,Bachelor,Insurer,9,170286,Single,3
Derek,Hill,Male,d.hill@randatmail.com,863-4488-12,Primary,Lawer,13,73276,Single,3
Cherry,Stevens,Female,c.stevens@randatmail.com,422-8039-99,Master,Photographer,10,140342,Married,5
Roman,Douglas,Male,r.douglas@randatmail.com,579-2283-49,Upper secondary,Singer,19,34967,Married,1
Belinda,Riley,Female,b.riley@randatmail.com,375-2672-40,Lower secondary,Social Worker,15,89497,Married,2
Garry,Wilson,Male,g.wilson@randatmail.com,831-4269-27,Master,Historian,2,130467,Single,3
Eric,Higgins,Male,e.higgins@randatmail.com,311-9389-89,Master,Social Worker,24,147469,Married,1
Robert,Stewart,Male,r.stewart@randatmail.com,564-4663-12,Upper secondary,Pharmacist,10,139960,Married,0
Madaline,Wells,Female,m.wells@randatmail.com,429-4241-28,Upper secondary,Biochemist,25,89375,Single,1
Jared,Owens,Male,j.owens@randatmail.com,202-5764-79,Primary,Aeroplane Pilot,7,56250,Married,0
David,Hamilton,Male,d.hamilton@randatmail.com,718-9448-96,Primary,Journalist,15,74760,Single,4
Max,Henderson,Male,m.henderson@randatmail.com,870-8265-92,Doctoral,Chef,0,95885,Single,4
Jack,Richards,Male,j.richards@randatmail.com,463-8491-84,Lower secondary,Chemist,12,181650,Single,1
Savana,Wilson,Female,s.wilson@randatmail.com,792-5513-99,Master,Aeroplane Pilot,19,52229,Married,4
Lyndon,Campbell,Male,l.campbell@randatmail.com,314-6195-78,Lower secondary,Fashion Designer,9,82901,Single,2
Sabrina,Johnston,Female,s.johnston@randatmail.com,194-1963-04,Upper secondary,Jeweller,6,38859,Married,5
Jenna,Cunningham,Female,j.cunningham@randatmail.com,220-4584-07,Primary,Salesman,15,153962,Married,3
Patrick,Anderson,Male,p.anderson@randatmail.com,458-7389-66,Primary,Fashion Designer,17,175036,Single,4
Alford,Myers,Male,a.myers@randatmail.com,538-4961-62,Doctoral,Archeologist,4,172163,Single,3
Rafael,Cole,Male,r.cole@randatmail.com,691-2909-30,Lower secondary,Electrician,17,50583,Married,2
Adison,Parker,Male,a.parker@randatmail.com,772-4135-98,Master,Producer,22,66095,Married,0
Dominik,Farrell,Male,d.farrell@randatmail.com,304-3060-51,Upper secondary,Veterinarian,17,73441,Married,3
Honey,Jones,Female,h.jones@randatmail.com,451-4653-18,Upper secondary,Firefighter,13,150677,Single,4
Catherine,Holmes,Female,c.holmes@randatmail.com,137-4235-24,Master,Architect,9,53555,Single,4
Miranda,Stevens,Female,m.stevens@randatmail.com,805-8321-10,Bachelor,Accountant,17,126140,Married,2
Olivia,Miller,Female,o.miller@randatmail.com,600-3212-28,Primary,Accountant,30,43435,Married,0
Martin,Payne,Male,m.payne@randatmail.com,377-9565-11,Bachelor,Accountant,19,176099,Single,2
Evelyn,Riley,Female,e.riley@randatmail.com,354-7336-44,Lower secondary,Pharmacist,27,156103,Single,5
Joyce,Higgins,Female,j.higgins@randatmail.com,553-2734-13,Lower secondary,Driver,27,59552,Single,1
Alfred,West,Male,a.west@randatmail.com,390-4903-68,Upper secondary,Veterinarian,19,94631,Single,5
Sofia,Morgan,Female,s.morgan@randatmail.com,516-6046-06,Lower secondary,Jeweller,0,127510,Single,4
Ada,Howard,Female,a.howard@randatmail.com,035-4647-10,Lower secondary,Firefighter,11,35716,Married,2
Rosie,Edwards,Female,r.edwards@randatmail.com,416-7138-70,Lower secondary,Insurer,2,127949,Married,3
Frederick,Kelly,Male,f.kelly@randatmail.com,792-5385-35,Bachelor,Economist,17,134772,Single,1
Vanessa,Moore,Female,v.moore@randatmail.com,557-5537-68,Primary,Florist,6,110259,Single,1
Heather,Chapman,Female,h.chapman@randatmail.com,541-2307-16,Primary,Mathematician,30,76822,Single,1
Justin,Cooper,Male,j.cooper@randatmail.com,086-9543-73,Primary,Graphic Designer,0,34767,Married,2
Melissa,Baker,Female,m.baker@randatmail.com,673-6589-77,Doctoral,Fine Artist,17,158371,Single,0
Kellan,Davis,Male,k.davis@randatmail.com,447-2058-05,Bachelor,Astronomer,9,161128,Married,4
Melanie,Ellis,Female,m.ellis@randatmail.com,225-1395-50,Bachelor,Architect,16,83471,Married,4
Harold,Carroll,Male,h.carroll@randatmail.com,140-5457-32,Upper secondary,Auditor,7,73689,Married,1
Ryan,Howard,Male,r.howard@randatmail.com,298-0532-32,Master,Electrician,7,42591,Single,5
George,Roberts,Male,g.roberts@randatmail.com,167-1121-69,Doctoral,Mathematician,29,83975,Married,4
Lana,Nelson,Female,l.nelson@randatmail.com,887-1035-24,Bachelor,Baker,28,83536,Single,5
Harold,Robinson,Male,h.robinson@randatmail.com,428-9069-85,Bachelor,Auditor,24,97847,Single,2
Preston,Howard,Male,p.howard@randatmail.com,754-4580-99,Bachelor,Physicist,2,36400,Single,4
Alisa,Lloyd,Female,a.lloyd@randatmail.com,299-0479-60,Doctoral,Accountant,22,52319,Single,0
Mike,Scott,Male,m.scott@randatmail.com,498-6366-75,Upper secondary,Chef,4,59817,Single,3
Carl,Russell,Male,c.russell@randatmail.com,019-6430-15,Primary,Social Worker,7,83860,Single,1
Miranda,Owens,Female,m.owens@randatmail.com,575-7941-26,Lower secondary,Lawer,12,186094,Married,1
Aldus,Howard,Male,a.howard@randatmail.com,875-4864-57,Upper secondary,Photographer,24,181126,Married,0
Fenton,Barnes,Male,f.barnes@randatmail.com,314-3980-09,Primary,Engineer,27,70633,Single,0
Tara,Perry,Female,t.perry@randatmail.com,964-8845-58,Primary,Aeroplane Pilot,17,166536,Single,5
Jenna,Kelley,Female,j.kelley@randatmail.com,170-2248-81,Primary,Salesman,10,166027,Married,5
Audrey,Thompson,Female,a.thompson@randatmail.com,830-3139-75,Upper secondary,Driver,29,181645,Married,3
Lily,Wright,Female,l.wright@randatmail.com,752-5709-28,Lower secondary,Social Worker,22,98675,Single,4
Abraham,Turner,Male,a.turner@randatmail.com,822-6854-41,Master,Interior Designer,10,87139,Single,5
Oscar,Jones,Male,o.jones@randatmail.com,155-1287-89,Primary,Salesman,23,134679,Single,3
Alissa,Morrison,Female,a.morrison@randatmail.com,960-5509-93,Primary,Lawer,23,120978,Single,3
Abigail,Hawkins,Female,a.hawkins@randatmail.com,922-2913-34,Doctoral,Engineer,10,54510,Married,5
Lilianna,Baker,Female,l.baker@randatmail.com,329-9011-61,Doctoral,Medic,21,127771,Married,4
Aiden,Hall,Male,a.hall@randatmail.com,685-4031-76,Primary,Graphic Designer,6,196568,Married,1
Penelope,Kelly,Female,p.kelly@randatmail.com,985-5184-54,Primary,Actor,13,105623,Married,5
Paige,Douglas,Female,p.douglas@randatmail.com,627-7529-38,Master,Social Worker,12,190207,Married,3
Joyce,Ellis,Female,j.ellis@randatmail.com,991-6599-48,Master,Firefighter,18,67496,Single,4
Victor,Henderson,Male,v.henderson@randatmail.com,887-3531-07,Bachelor,Meteorologist,22,46183,Single,0
Stuart,Campbell,Male,s.campbell@randatmail.com,035-3904-04,Master,Biochemist,24,188821,Married,4
Lucy,Elliott,Female,l.elliott@randatmail.com,287-5864-81,Lower secondary,Producer,18,78020,Single,0
Olivia,Harris,Female,o.harris@randatmail.com,796-2023-81,Lower secondary,Archeologist,29,138326,Single,1
Frederick,Sullivan,Male,f.sullivan@randatmail.com,106-6614-44,Primary,Police Officer,22,151232,Married,4
Byron,Hunt,Male,b.hunt@randatmail.com,063-3212-67,Primary,Lecturer,11,123012,Married,0
Agata,Morrison,Female,a.morrison@randatmail.com,142-7294-25,Bachelor,Fashion Designer,8,52641,Single,3
Miller,Hall,Male,m.hall@randatmail.com,123-8760-88,Primary,Agronomist,17,40902,Married,1
Jessica,Carroll,Female,j.carroll@randatmail.com,444-5344-26,Lower secondary,Auditor,30,115346,Single,2
Maya,Campbell,Female,m.campbell@randatmail.com,812-5955-96,Upper secondary,Producer,26,175054,Single,1
Bruce,Wright,Male,b.wright@randatmail.com,378-3764-04,Bachelor,Biochemist,18,45156,Married,1
Thomas,Morrison,Male,t.morrison@randatmail.com,683-0101-07,Lower secondary,Medic,26,189677,Single,1
Amy,Harper,Female,a.harper@randatmail.com,583-6053-21,Lower secondary,Teacher,6,149118,Single,2
Chelsea,Johnson,Female,c.johnson@randatmail.com,594-4509-77,Upper secondary,Chemist,5,167186,Married,5
Isabella,Davis,Female,i.davis@randatmail.com,791-4483-50,Doctoral,Interior Designer,6,142210,Single,1
Stuart,Armstrong,Male,s.armstrong@randatmail.com,385-8358-18,Upper secondary,Programmer,17,90334,Married,5
Amelia,Hamilton,Female,a.hamilton@randatmail.com,428-2323-20,Doctoral,Auditor,15,83449,Married,4
Carlos,Ross,Male,c.ross@randatmail.com,313-9435-58,Primary,Singer,6,85628,Single,2
Blake,Richardson,Male,b.richardson@randatmail.com,753-2153-40,Lower secondary,Engineer,19,193451,Single,5
Madaline,Russell,Female,m.russell@randatmail.com,849-7307-52,Lower secondary,Photographer,29,172386,Married,0
Vivian,Richardson,Female,v.richardson@randatmail.com,930-1974-02,Bachelor,Firefighter,15,73288,Single,2
Natalie,Rogers,Female,n.rogers@randatmail.com,218-0164-34,Upper secondary,Manager,3,155605,Single,5
Belinda,Owens,Female,b.owens@randatmail.com,196-0603-75,Doctoral,Fine Artist,15,141926,Married,3
Eric,Armstrong,Male,e.armstrong@randatmail.com,316-8929-37,Upper secondary,Manager,2,146034,Single,2
Martin,Ferguson,Male,m.ferguson@randatmail.com,897-1270-49,Master,Carpenter,2,109730,Married,1
Elian,Harrison,Male,e.harrison@randatmail.com,695-6927-14,Bachelor,Singer,3,65583,Married,4
Kimberly,Morrison,Female,k.morrison@randatmail.com,875-5995-07,Primary,Insurer,4,51188,Single,1
Penelope,Russell,Female,p.russell@randatmail.com,217-0197-35,Master,Cook,1,89766,Single,1
Lucas,Sullivan,Male,l.sullivan@randatmail.com,554-0426-12,Primary,Insurer,17,177281,Married,0
Jenna,Stevens,Female,j.stevens@randatmail.com,271-9760-09,Primary,Medic,18,37053,Married,5
Arthur,Tucker,Male,a.tucker@randatmail.com,508-6015-24,Upper secondary,Historian,28,171950,Married,4
David,Lloyd,Male,d.lloyd@randatmail.com,412-5377-64,Master,Cook,13,131829,Single,0
Adrianna,Grant,Female,a.grant@randatmail.com,981-7496-46,Bachelor,Veterinarian,2,164091,Single,1
Chester,Fowler,Male,c.fowler@randatmail.com,554-4676-02,Primary,Archeologist,24,195070,Single,1
Amy,Morris,Female,a.morris@randatmail.com,069-6414-63,Upper secondary,Agronomist,5,168234,Married,4
Jordan,Wells,Male,j.wells@randatmail.com,789-4480-68,Primary,Interior Designer,1,49961,Single,3
Edgar,Martin,Male,e.martin@randatmail.com,642-3999-46,Doctoral,Journalist,1,181537,Married,1
Martin,Alexander,Male,m.alexander@randatmail.com,842-7408-86,Primary,Carpenter,24,34414,Married,0
Martin,Taylor,Male,m.taylor@randatmail.com,414-3496-20,Bachelor,Physicist,3,179437,Married,4
Daniel,Morris,Male,d.morris@randatmail.com,271-4652-44,Lower secondary,Driver,20,33735,Single,0
Sophia,Elliott,Female,s.elliott@randatmail.com,845-9704-81,Lower secondary,Aeroplane Pilot,16,172549,Married,0
Alissa,Miller,Female,a.miller@randatmail.com,917-5547-08,Primary,Singer,5,41204,Single,4
Marcus,Morgan,Male,m.morgan@randatmail.com,746-4853-92,Primary,Dancer,1,109598,Single,0
Edith,Riley,Female,e.riley@randatmail.com,447-4074-38,Lower secondary,Medic,27,53342,Married,1
Kelvin,Wilson,Male,k.wilson@randatmail.com,965-1711-02,Upper secondary,Fine Artist,21,103070,Single,5
Tony,Thomas,Male,t.thomas@randatmail.com,205-4410-21,Primary,Hairdresser,20,104751,Married,5
Dainton,Johnson,Male,d.johnson@randatmail.com,677-2720-57,Primary,Archeologist,29,60270,Single,1
Kristian,Grant,Male,k.grant@randatmail.com,761-5878-93,Bachelor,Dancer,0,50267,Single,1
Max,Reed,Male,m.reed@randatmail.com,941-1792-89,Doctoral,Fine Artist,5,41739,Single,2
Reid,Russell,Male,r.russell@randatmail.com,773-9121-50,Master,Police Officer,27,44545,Married,4
April,Crawford,Female,a.crawford@randatmail.com,185-5984-02,Lower secondary,Medic,17,64421,Single,2
Haris,Montgomery,Male,h.montgomery@randatmail.com,522-3415-76,Lower secondary,Geologist,23,147161,Married,4
Maya,Owens,Female,m.owens@randatmail.com,482-6668-69,Lower secondary,Economist,17,36098,Single,5
Maddie,Allen,Female,m.allen@randatmail.com,703-3240-36,Master,Interpreter,16,116722,Single,2
Roman,Campbell,Male,r.campbell@randatmail.com,703-9013-17,Doctoral,Dancer,12,137416,Married,4
Steven,Cooper,Male,s.cooper@randatmail.com,177-2557-27,Bachelor,Photographer,26,152099,Married,2
Amy,Anderson,Female,a.anderson@randatmail.com,700-8677-32,Lower secondary,Accountant,7,83308,Married,4
Julian,Walker,Male,j.walker@randatmail.com,702-1397-71,Bachelor,Actor,20,132907,Single,2
Eric,Cole,Male,e.cole@randatmail.com,795-1277-62,Doctoral,Agronomist,8,78820,Married,2
Briony,Dixon,Female,b.dixon@randatmail.com,122-9368-27,Master,Carpenter,8,60795,Married,2
Daryl,Perkins,Male,d.perkins@randatmail.com,458-7245-08,Bachelor,Historian,18,90261,Single,1
Jasmine,Turner,Female,j.turner@randatmail.com,951-8780-84,Upper secondary,Teacher,15,115703,Single,1
Roland,Moore,Male,r.moore@randatmail.com,347-6129-62,Master,Interior Designer,7,120888,Married,3
Gianna,Davis,Female,g.davis@randatmail.com,524-4096-81,Doctoral,Journalist,27,86930,Married,0
Alexia,Dixon,Female,a.dixon@randatmail.com,867-5006-04,Bachelor,Salesman,10,137241,Single,1
Dainton,Howard,Male,d.howard@randatmail.com,909-2594-54,Lower secondary,Driver,7,53076,Married,2
Tyler,Jones,Male,t.jones@randatmail.com,937-9947-95,Lower secondary,Engineer,24,133335,Married,1
Paige,Spencer,Female,p.spencer@randatmail.com,972-8793-18,Doctoral,Archeologist,0,32420,Single,3
Vincent,Foster,Male,v.foster@randatmail.com,771-2609-50,Lower secondary,Mechanic,1,44405,Single,1
Charlotte,Cooper,Female,c.cooper@randatmail.com,995-5872-13,Primary,Electrician,19,84759,Married,4
Brooke,Richardson,Female,b.richardson@randatmail.com,659-3469-63,Master,Geologist,9,142681,Married,4
Victoria,Perkins,Female,v.perkins@randatmail.com,498-3458-79,Bachelor,Astronomer,23,84081,Single,2
Abraham,Morrison,Male,a.morrison@randatmail.com,506-6383-03,Doctoral,Graphic Designer,21,138482,Married,3
Lily,Nelson,Female,l.nelson@randatmail.com,253-7027-40,Master,Carpenter,18,130673,Married,1
Lyndon,Richards,Male,l.richards@randatmail.com,835-2740-20,Master,Electrician,13,104886,Married,4
David,Brooks,Male,d.brooks@randatmail.com,281-5334-24,Primary,Salesman,0,32091,Married,2
Alberta,Gibson,Female,a.gibson@randatmail.com,449-6310-46,Bachelor,Manager,8,78285,Married,5
Adison,Johnston,Male,a.johnston@randatmail.com,694-7396-43,Bachelor,Chef,14,179203,Married,4
Darcy,Phillips,Female,d.phillips@randatmail.com,846-8533-97,Upper secondary,Hairdresser,26,88446,Single,0
Brooke,Ellis,Female,b.ellis@randatmail.com,765-2337-58,Master,Chef,8,40955,Single,4
Naomi,Robinson,Female,n.robinson@randatmail.com,027-7351-66,Bachelor,Baker,12,54537,Single,3
Chloe,Cole,Female,c.cole@randatmail.com,165-6819-90,Primary,Cook,30,179923,Married,5
Kevin,Mason,Male,k.mason@randatmail.com,551-4258-70,Bachelor,Jeweller,1,180303,Married,0
Abigail,Mitchell,Female,a.mitchell@randatmail.com,552-6333-72,Lower secondary,Historian,7,94087,Married,5
Oscar,Davis,Male,o.davis@randatmail.com,576-3081-53,Lower secondary,Producer,29,184178,Married,5
Andrew,Fowler,Male,a.fowler@randatmail.com,187-0295-85,Lower secondary,Accountant,30,104874,Single,4
Tiana,Barnes,Female,t.barnes@randatmail.com,451-9449-95,Bachelor,Chemist,11,54441,Married,4
Fenton,Jones,Male,f.jones@randatmail.com,670-4057-03,Master,Historian,8,72834,Single,2
Vanessa,Gray,Female,v.gray@randatmail.com,073-0516-93,Doctoral,Aeroplane Pilot,6,38587,Married,5
Derek,Edwards,Male,d.edwards@randatmail.com,212-4895-31,Doctoral,Medic,5,117162,Married,1
Naomi,Kelly,Female,n.kelly@randatmail.com,192-0619-07,Master,Hairdresser,5,195242,Single,5
David,Anderson,Male,d.anderson@randatmail.com,333-2992-75,Master,Mechanic,20,78485,Single,1
Agata,Williams,Female,a.williams@randatmail.com,973-5232-16,Primary,Composer,16,75624,Single,5
Oliver,Johnson,Male,o.johnson@randatmail.com,367-1494-51,Primary,Meteorologist,23,175447,Married,2
Maya,Morrison,Female,m.morrison@randatmail.com,672-6275-92,Primary,Engineer,1,77333,Single,5
Adrian,Morris,Male,a.morris@randatmail.com,522-9711-17,Upper secondary,Singer,4,197457,Single,3
Reid,Murphy,Male,r.murphy@randatmail.com,183-6938-36,Doctoral,Accountant,4,60902,Married,4
Camila,Brooks,Female,c.brooks@randatmail.com,633-2181-37,Upper secondary,Police Officer,24,199464,Single,4
Emma,Gibson,Female,e.gibson@randatmail.com,802-6270-02,Bachelor,Archeologist,4,153320,Single,2
Miranda,Walker,Female,m.walker@randatmail.com,375-3109-37,Master,Physicist,7,160001,Single,1
Heather,Alexander,Female,h.alexander@randatmail.com,779-9731-30,Bachelor,Insurer,18,90018,Married,1
Tony,Farrell,Male,t.farrell@randatmail.com,795-8297-54,Bachelor,Carpenter,4,56701,Single,4
Dainton,Sullivan,Male,d.sullivan@randatmail.com,659-7189-55,Doctoral,Astronomer,25,71909,Single,3
Owen,Cameron,Male,o.cameron@randatmail.com,615-0014-64,Upper secondary,Mechanic,9,127748,Single,3
Gianna,Armstrong,Female,g.armstrong@randatmail.com,561-4437-83,Lower secondary,Scientist,22,123773,Married,4
Sydney,West,Female,s.west@randatmail.com,669-8912-69,Master,Graphic Designer,24,165253,Single,3